V_C1_10_S50_sam_tools_cov: ON453894.1_Akkermansia_phage_Chambord__partial_genome	1	30677	38140	30577	99.674	167.149	39	35
V_C1_10_S50_sam_tools_cov: ON453895.1_Akkermansia_phage_Chantilly__complete_genome	1	36894	175372	36894	100	641.041	39	39
V_C1_10_S50_sam_tools_cov: ON453896.1_Akkermansia_phage_Moulinsart__complete_genome	1	31347	10531	31322	99.9202	44.4504	39	43.7
V_C1_10_S50_sam_tools_cov: ON453897.1_Bacteroides_phage_Versailles__complete_genome	1	58097	264929	58097	100	621.384	39.1	44
V_C1_10_S50_sam_tools_cov: ON453898.1_Blautia_phage_Montmirail__complete_genome	1	46066	985061	46066	100	2876.61	39	43.7
V_C1_10_S50_sam_tools_cov: ON453899.1_Clostridium_phage_Amboise__complete_genome	1	77323	5316	47034	60.828	9.28184	39	42.5
V_C1_10_S50_sam_tools_cov: ON453900.1_Clostridium_phage_Maintenon__complete_genome	1	57045	49382	55095	96.5816	117.577	39.1	43
V_C1_10_S50_sam_tools_cov: ON453901.1_E_Clostridium_phage_Saumur__complete_genome	1	47242	1193	35956	76.1102	3.2915	39.1	42.3
V_C1_10_S50_sam_tools_cov: ON453902.1_E_Clostridium_phage_Villandry__complete_genome	1	37533	434603	37533	100	1548.18	39	43.5
V_C1_10_S50_sam_tools_cov: ON453903.1_Flavonifractor_phage_Castelnaud__complete_genome	1	37125	8014	37096	99.9219	29.235	39	42
V_C1_10_S50_sam_tools_cov: ON453904.1_Flavonifractor_phage_Chenonceau__complete_genome	1	42124	103435	42124	100	334.144	39	42.8
V_C1_10_S50_sam_tools_cov: ON453905.1_Flavonifractor_phage_Cormatin__complete_genome	1	35440	1287	24603	69.4216	4.80542	39	34.2
V_C1_10_S50_sam_tools_cov: ON453893.1_Acutalibacter_phage_Fontainebleau__complete_genome	1	39241	0	0	0	0	0	0
V_C1_16_S53_sam_tools_cov: ON453894.1_Akkermansia_phage_Chambord__partial_genome	1	30677	13996	30577	99.674	62.813	39	36
V_C1_16_S53_sam_tools_cov: ON453895.1_Akkermansia_phage_Chantilly__complete_genome	1	36894	67090	36894	100	250.445	39	39.2
V_C1_16_S53_sam_tools_cov: ON453896.1_Akkermansia_phage_Moulinsart__complete_genome	1	31347	3845	31347	100	16.7984	39	43.7
V_C1_16_S53_sam_tools_cov: ON453897.1_Bacteroides_phage_Versailles__complete_genome	1	58097	1253516	58097	100	3018.82	39	44
V_C1_16_S53_sam_tools_cov: ON453898.1_Blautia_phage_Montmirail__complete_genome	1	46066	417887	46066	100	1257.71	39	43.7
V_C1_16_S53_sam_tools_cov: ON453899.1_Clostridium_phage_Amboise__complete_genome	1	77323	1702	27096	35.0426	3.06559	39	42
V_C1_16_S53_sam_tools_cov: ON453900.1_Clostridium_phage_Maintenon__complete_genome	1	57045	20652	51354	90.0237	50.2057	39	43.1
V_C1_16_S53_sam_tools_cov: ON453901.1_E_Clostridium_phage_Saumur__complete_genome	1	47242	374	19433	41.135	1.07508	39	42.6
V_C1_16_S53_sam_tools_cov: ON453902.1_E_Clostridium_phage_Villandry__complete_genome	1	37533	179023	37533	100	651.205	39	43.5
V_C1_16_S53_sam_tools_cov: ON453903.1_Flavonifractor_phage_Castelnaud__complete_genome	1	37125	2757	36863	99.2943	10.2521	38.9	42.2
V_C1_16_S53_sam_tools_cov: ON453904.1_Flavonifractor_phage_Chenonceau__complete_genome	1	42124	25051	42124	100	82.6972	39	42.9
V_C1_16_S53_sam_tools_cov: ON453905.1_Flavonifractor_phage_Cormatin__complete_genome	1	35440	245	8227	23.2139	0.943679	38.8	32.9
V_C1_16_S53_sam_tools_cov: ON453893.1_Acutalibacter_phage_Fontainebleau__complete_genome	1	39241	0	0	0	0	0	0
V_C1_17_S56_sam_tools_cov: ON453894.1_Akkermansia_phage_Chambord__partial_genome	1	30677	17207	30577	99.674	80.016	39	35.9
V_C1_17_S56_sam_tools_cov: ON453895.1_Akkermansia_phage_Chantilly__complete_genome	1	36894	44384	36894	100	171.785	39	38.7
V_C1_17_S56_sam_tools_cov: ON453896.1_Akkermansia_phage_Moulinsart__complete_genome	1	31347	5657	31347	100	25.5697	39	43.7
V_C1_17_S56_sam_tools_cov: ON453897.1_Bacteroides_phage_Versailles__complete_genome	1	58097	101122	58097	100	248.969	39.1	43.9
V_C1_17_S56_sam_tools_cov: ON453898.1_Blautia_phage_Montmirail__complete_genome	1	46066	184696	46066	100	572.694	39.1	43.7
V_C1_17_S56_sam_tools_cov: ON453899.1_Clostridium_phage_Amboise__complete_genome	1	77323	2387	38489	49.7769	4.42222	39	43.2
V_C1_17_S56_sam_tools_cov: ON453900.1_Clostridium_phage_Maintenon__complete_genome	1	57045	15275	54769	96.0102	38.1886	39.1	43.1
V_C1_17_S56_sam_tools_cov: ON453901.1_E_Clostridium_phage_Saumur__complete_genome	1	47242	164	12451	26.3558	0.472694	39.1	43
V_C1_17_S56_sam_tools_cov: ON453902.1_E_Clostridium_phage_Villandry__complete_genome	1	37533	29313	37533	100	110.601	39	43.8
V_C1_17_S56_sam_tools_cov: ON453903.1_Flavonifractor_phage_Castelnaud__complete_genome	1	37125	673	30361	81.7805	2.5854	38.9	42
V_C1_17_S56_sam_tools_cov: ON453904.1_Flavonifractor_phage_Chenonceau__complete_genome	1	42124	26440	42124	100	89.9556	39.1	43.1
V_C1_17_S56_sam_tools_cov: ON453905.1_Flavonifractor_phage_Cormatin__complete_genome	1	35440	137	5924	16.7156	0.543792	39	23
V_C1_17_S56_sam_tools_cov: ON453893.1_Acutalibacter_phage_Fontainebleau__complete_genome	1	39241	0	0	0	0	0	0
V_C1_18_S60_sam_tools_cov: ON453894.1_Akkermansia_phage_Chambord__partial_genome	1	30677	9288	30577	99.674	41.8805	39.1	35.9
V_C1_18_S60_sam_tools_cov: ON453895.1_Akkermansia_phage_Chantilly__complete_genome	1	36894	39428	36894	100	147.924	39.1	38.9
V_C1_18_S60_sam_tools_cov: ON453896.1_Akkermansia_phage_Moulinsart__complete_genome	1	31347	4493	31347	100	19.6209	39.1	43.7
V_C1_18_S60_sam_tools_cov: ON453897.1_Bacteroides_phage_Versailles__complete_genome	1	58097	268572	58097	100	643.292	39.2	43.9
V_C1_18_S60_sam_tools_cov: ON453898.1_Blautia_phage_Montmirail__complete_genome	1	46066	212816	46066	100	636.982	39.1	43.7
V_C1_18_S60_sam_tools_cov: ON453899.1_Clostridium_phage_Amboise__complete_genome	1	77323	3170	48120	62.2325	5.75282	39.2	43.7
V_C1_18_S60_sam_tools_cov: ON453900.1_Clostridium_phage_Maintenon__complete_genome	1	57045	11011	54684	95.8612	26.7551	39.2	43
V_C1_18_S60_sam_tools_cov: ON453901.1_E_Clostridium_phage_Saumur__complete_genome	1	47242	307	17376	36.7808	0.886605	39.2	42.7
V_C1_18_S60_sam_tools_cov: ON453902.1_E_Clostridium_phage_Villandry__complete_genome	1	37533	85201	37533	100	309.318	39.1	43.5
V_C1_18_S60_sam_tools_cov: ON453903.1_Flavonifractor_phage_Castelnaud__complete_genome	1	37125	1234	33960	91.4747	4.6549	39	42.3
V_C1_18_S60_sam_tools_cov: ON453904.1_Flavonifractor_phage_Chenonceau__complete_genome	1	42124	26872	42124	100	89.0718	39.1	43
V_C1_18_S60_sam_tools_cov: ON453905.1_Flavonifractor_phage_Cormatin__complete_genome	1	35440	183	7452	21.0271	0.711343	39.1	31.6
V_C1_18_S60_sam_tools_cov: ON453893.1_Acutalibacter_phage_Fontainebleau__complete_genome	1	39241	0	0	0	0	0	0
V_C1_21_S64_sam_tools_cov: ON453894.1_Akkermansia_phage_Chambord__partial_genome	1	30677	11486	30577	99.674	50.0094	39.1	35
V_C1_21_S64_sam_tools_cov: ON453895.1_Akkermansia_phage_Chantilly__complete_genome	1	36894	53370	36894	100	193.649	39.1	38.9
V_C1_21_S64_sam_tools_cov: ON453896.1_Akkermansia_phage_Moulinsart__complete_genome	1	31347	3285	31241	99.6618	13.9387	39	43.7
V_C1_21_S64_sam_tools_cov: ON453893.1_Acutalibacter_phage_Fontainebleau__complete_genome	1	39241	2	127	0.323641	0.00647282	37.7	22
V_C1_21_S64_sam_tools_cov: ON453897.1_Bacteroides_phage_Versailles__complete_genome	1	58097	8132223	58097	100	19038.8	39.2	44
V_C1_21_S64_sam_tools_cov: ON453898.1_Blautia_phage_Montmirail__complete_genome	1	46066	189484	46066	100	552.416	39.1	43.6
V_C1_21_S64_sam_tools_cov: ON453899.1_Clostridium_phage_Amboise__complete_genome	1	77323	1113	26367	34.0998	1.92498	39.2	40.6
V_C1_21_S64_sam_tools_cov: ON453900.1_Clostridium_phage_Maintenon__complete_genome	1	57045	20862	50947	89.3102	49.3114	39.1	42.9
V_C1_21_S64_sam_tools_cov: ON453901.1_E_Clostridium_phage_Saumur__complete_genome	1	47242	390	18797	39.7887	1.07644	39.2	43.2
V_C1_21_S64_sam_tools_cov: ON453902.1_E_Clostridium_phage_Villandry__complete_genome	1	37533	94707	37533	100	336.602	39.1	43.6
V_C1_21_S64_sam_tools_cov: ON453903.1_Flavonifractor_phage_Castelnaud__complete_genome	1	37125	1110	31052	83.6418	4.00595	39.1	42.1
V_C1_21_S64_sam_tools_cov: ON453904.1_Flavonifractor_phage_Chenonceau__complete_genome	1	42124	21279	42124	100	68.0759	39.1	42.9
V_C1_21_S64_sam_tools_cov: ON453905.1_Flavonifractor_phage_Cormatin__complete_genome	1	35440	170	6242	17.6129	0.650564	39.1	30.6
V_C1_28_S68_sam_tools_cov: ON453894.1_Akkermansia_phage_Chambord__partial_genome	1	30677	9812	30577	99.674	45.0669	39	35.4
V_C1_28_S68_sam_tools_cov: ON453895.1_Akkermansia_phage_Chantilly__complete_genome	1	36894	38808	36894	100	148.249	39	38.7
V_C1_28_S68_sam_tools_cov: ON453896.1_Akkermansia_phage_Moulinsart__complete_genome	1	31347	2519	31297	99.8405	11.2792	39	43.8
V_C1_28_S68_sam_tools_cov: ON453897.1_Bacteroides_phage_Versailles__complete_genome	1	58097	2757440	58097	100	6711.51	39.1	43.9
V_C1_28_S68_sam_tools_cov: ON453898.1_Blautia_phage_Montmirail__complete_genome	1	46066	158739	46066	100	486.75	39	43.7
V_C1_28_S68_sam_tools_cov: ON453899.1_Clostridium_phage_Amboise__complete_genome	1	77323	756	25762	33.3174	1.38572	39	41.8
V_C1_28_S68_sam_tools_cov: ON453900.1_Clostridium_phage_Maintenon__complete_genome	1	57045	12574	49972	87.601	31.122	39.1	43
V_C1_28_S68_sam_tools_cov: ON453901.1_E_Clostridium_phage_Saumur__complete_genome	1	47242	407	19189	40.6185	1.18668	39	43.3
V_C1_28_S68_sam_tools_cov: ON453902.1_E_Clostridium_phage_Villandry__complete_genome	1	37533	168447	37533	100	629.847	39	43.8
V_C1_28_S68_sam_tools_cov: ON453903.1_Flavonifractor_phage_Castelnaud__complete_genome	1	37125	332	19759	53.2229	1.26446	38.9	42.2
V_C1_28_S68_sam_tools_cov: ON453904.1_Flavonifractor_phage_Chenonceau__complete_genome	1	42124	12390	42124	100	41.5472	39	42.8
V_C1_28_S68_sam_tools_cov: ON453905.1_Flavonifractor_phage_Cormatin__complete_genome	1	35440	78	3781	10.6687	0.30776	38.7	23.8
V_C1_28_S68_sam_tools_cov: ON453893.1_Acutalibacter_phage_Fontainebleau__complete_genome	1	39241	0	0	0	0	0	0
V_C1_9_S77_sam_tools_cov: ON453894.1_Akkermansia_phage_Chambord__partial_genome	1	30677	3046	30378	99.0253	14.2652	39	35.2
V_C1_9_S77_sam_tools_cov: ON453895.1_Akkermansia_phage_Chantilly__complete_genome	1	36894	15915	36894	100	62.3202	39	38.8
V_C1_9_S77_sam_tools_cov: ON453896.1_Akkermansia_phage_Moulinsart__complete_genome	1	31347	2241	31114	99.2567	10.0783	39	43.6
V_C1_9_S77_sam_tools_cov: ON453897.1_Bacteroides_phage_Versailles__complete_genome	1	58097	69443	58097	100	173.375	39.1	44
V_C1_9_S77_sam_tools_cov: ON453898.1_Blautia_phage_Montmirail__complete_genome	1	46066	162708	46066	100	506.727	39.1	43.7
V_C1_9_S77_sam_tools_cov: ON453899.1_Clostridium_phage_Amboise__complete_genome	1	77323	3016	49874	64.5009	5.65056	39.1	43.7
V_C1_9_S77_sam_tools_cov: ON453900.1_Clostridium_phage_Maintenon__complete_genome	1	57045	10463	54109	94.8532	26.5476	39.1	43.1
V_C1_9_S77_sam_tools_cov: ON453901.1_E_Clostridium_phage_Saumur__complete_genome	1	47242	351	24105	51.0245	1.06956	39.2	43.9
V_C1_9_S77_sam_tools_cov: ON453902.1_E_Clostridium_phage_Villandry__complete_genome	1	37533	27189	37533	100	104.012	39	43.8
V_C1_9_S77_sam_tools_cov: ON453903.1_Flavonifractor_phage_Castelnaud__complete_genome	1	37125	1383	35410	95.3805	5.38055	39	42
V_C1_9_S77_sam_tools_cov: ON453904.1_Flavonifractor_phage_Chenonceau__complete_genome	1	42124	36131	42124	100	124.363	39	42.9
V_C1_9_S77_sam_tools_cov: ON453905.1_Flavonifractor_phage_Cormatin__complete_genome	1	35440	227	11216	31.6479	0.911936	39.2	33
V_C1_9_S77_sam_tools_cov: ON453893.1_Acutalibacter_phage_Fontainebleau__complete_genome	1	39241	0	0	0	0	0	0
V_C2_10_S51_sam_tools_cov: ON453894.1_Akkermansia_phage_Chambord__partial_genome	1	30677	21672	30577	99.674	94.9052	39.1	35.9
V_C2_10_S51_sam_tools_cov: ON453895.1_Akkermansia_phage_Chantilly__complete_genome	1	36894	95781	36894	100	350.43	39.1	39.2
V_C2_10_S51_sam_tools_cov: ON453896.1_Akkermansia_phage_Moulinsart__complete_genome	1	31347	5973	31320	99.9139	25.3347	39	43.7
V_C2_10_S51_sam_tools_cov: ON453897.1_Bacteroides_phage_Versailles__complete_genome	1	58097	212804	58097	100	500.238	39.1	43.9
V_C2_10_S51_sam_tools_cov: ON453898.1_Blautia_phage_Montmirail__complete_genome	1	46066	1139848	46066	100	3344.05	39.1	43.6
V_C2_10_S51_sam_tools_cov: ON453899.1_Clostridium_phage_Amboise__complete_genome	1	77323	2215	33093	42.7984	3.89283	39.2	41.3
V_C2_10_S51_sam_tools_cov: ON453900.1_Clostridium_phage_Maintenon__complete_genome	1	57045	47742	54573	95.6666	113.959	39.1	43.1
V_C2_10_S51_sam_tools_cov: ON453901.1_E_Clostridium_phage_Saumur__complete_genome	1	47242	709	30285	64.1061	1.91319	39.1	40.9
V_C2_10_S51_sam_tools_cov: ON453902.1_E_Clostridium_phage_Villandry__complete_genome	1	37533	503954	37533	100	1804.41	39.1	43.6
V_C2_10_S51_sam_tools_cov: ON453903.1_Flavonifractor_phage_Castelnaud__complete_genome	1	37125	3814	37053	99.8061	13.9319	39	41.9
V_C2_10_S51_sam_tools_cov: ON453904.1_Flavonifractor_phage_Chenonceau__complete_genome	1	42124	69856	42124	100	226.018	39.1	43
V_C2_10_S51_sam_tools_cov: ON453905.1_Flavonifractor_phage_Cormatin__complete_genome	1	35440	682	17015	48.0107	2.5447	39.1	33.8
V_C2_10_S51_sam_tools_cov: ON453893.1_Acutalibacter_phage_Fontainebleau__complete_genome	1	39241	0	0	0	0	0	0
V_C2_16_S54_sam_tools_cov: ON453894.1_Akkermansia_phage_Chambord__partial_genome	1	30677	6363	30564	99.6316	27.9289	39	35.7
V_C2_16_S54_sam_tools_cov: ON453895.1_Akkermansia_phage_Chantilly__complete_genome	1	36894	17084	36894	100	62.7381	39	38.9
V_C2_16_S54_sam_tools_cov: ON453896.1_Akkermansia_phage_Moulinsart__complete_genome	1	31347	3751	31347	100	16.088	39	43.5
V_C2_16_S54_sam_tools_cov: ON453897.1_Bacteroides_phage_Versailles__complete_genome	1	58097	503146	58097	100	1205.39	39	44
V_C2_16_S54_sam_tools_cov: ON453898.1_Blautia_phage_Montmirail__complete_genome	1	46066	21658	46066	100	63.74	39	43.2
V_C2_16_S54_sam_tools_cov: ON453899.1_Clostridium_phage_Amboise__complete_genome	1	77323	168	11094	14.3476	0.291142	39.1	39.4
V_C2_16_S54_sam_tools_cov: ON453900.1_Clostridium_phage_Maintenon__complete_genome	1	57045	4593	45170	79.1831	11.1533	39	42.9
V_C2_16_S54_sam_tools_cov: ON453901.1_E_Clostridium_phage_Saumur__complete_genome	1	47242	824	33127	70.1219	2.22188	39.1	43.8
V_C2_16_S54_sam_tools_cov: ON453902.1_E_Clostridium_phage_Villandry__complete_genome	1	37533	12262	37533	100	44.2885	39	43.6
V_C2_16_S54_sam_tools_cov: ON453903.1_Flavonifractor_phage_Castelnaud__complete_genome	1	37125	1720	36032	97.0559	6.33557	38.9	41.4
V_C2_16_S54_sam_tools_cov: ON453904.1_Flavonifractor_phage_Chenonceau__complete_genome	1	42124	67633	42124	100	222.573	39	42.9
V_C2_16_S54_sam_tools_cov: ON453905.1_Flavonifractor_phage_Cormatin__complete_genome	1	35440	388	9597	27.0796	1.44876	39.1	17.9
V_C2_16_S54_sam_tools_cov: ON453893.1_Acutalibacter_phage_Fontainebleau__complete_genome	1	39241	0	0	0	0	0	0
V_C2_18_S61_sam_tools_cov: ON453894.1_Akkermansia_phage_Chambord__partial_genome	1	30677	13766	30577	99.674	62.3888	39	36
V_C2_18_S61_sam_tools_cov: ON453895.1_Akkermansia_phage_Chantilly__complete_genome	1	36894	57464	36894	100	216.552	39	39
V_C2_18_S61_sam_tools_cov: ON453896.1_Akkermansia_phage_Moulinsart__complete_genome	1	31347	10688	31347	100	47.0299	39	43.6
V_C2_18_S61_sam_tools_cov: ON453897.1_Bacteroides_phage_Versailles__complete_genome	1	58097	139053	58097	100	335.599	39	43.9
V_C2_18_S61_sam_tools_cov: ON453898.1_Blautia_phage_Montmirail__complete_genome	1	46066	695119	46066	100	2102.51	39	43.7
V_C2_18_S61_sam_tools_cov: ON453899.1_Clostridium_phage_Amboise__complete_genome	1	77323	1866	38119	49.2984	3.36243	39.1	41.8
V_C2_18_S61_sam_tools_cov: ON453900.1_Clostridium_phage_Maintenon__complete_genome	1	57045	29184	56436	98.9324	71.4655	39	43.1
V_C2_18_S61_sam_tools_cov: ON453901.1_E_Clostridium_phage_Saumur__complete_genome	1	47242	538	20564	43.5291	1.50559	39	41.8
V_C2_18_S61_sam_tools_cov: ON453902.1_E_Clostridium_phage_Villandry__complete_genome	1	37533	276345	37533	100	1016.82	39	43.7
V_C2_18_S61_sam_tools_cov: ON453903.1_Flavonifractor_phage_Castelnaud__complete_genome	1	37125	2216	36546	98.4404	8.35881	38.9	42.6
V_C2_18_S61_sam_tools_cov: ON453904.1_Flavonifractor_phage_Chenonceau__complete_genome	1	42124	35048	42124	100	116.648	39	43
V_C2_18_S61_sam_tools_cov: ON453905.1_Flavonifractor_phage_Cormatin__complete_genome	1	35440	436	12718	35.886	1.68392	39	36.9
V_C2_18_S61_sam_tools_cov: ON453893.1_Acutalibacter_phage_Fontainebleau__complete_genome	1	39241	0	0	0	0	0	0
V_C2_21_S65_sam_tools_cov: ON453894.1_Akkermansia_phage_Chambord__partial_genome	1	30677	29514	30577	99.674	129.122	39	35
V_C2_21_S65_sam_tools_cov: ON453895.1_Akkermansia_phage_Chantilly__complete_genome	1	36894	109378	36894	100	399.936	39	38.8
V_C2_21_S65_sam_tools_cov: ON453896.1_Akkermansia_phage_Moulinsart__complete_genome	1	31347	9695	31346	99.9968	41.2224	39	43.7
V_C2_21_S65_sam_tools_cov: ON453897.1_Bacteroides_phage_Versailles__complete_genome	1	58097	169612	58097	100	397.135	39	44
V_C2_21_S65_sam_tools_cov: ON453898.1_Blautia_phage_Montmirail__complete_genome	1	46066	516190	46066	100	1517.95	39	43.6
V_C2_21_S65_sam_tools_cov: ON453899.1_Clostridium_phage_Amboise__complete_genome	1	77323	909	24077	31.1382	1.57414	39.1	36.6
V_C2_21_S65_sam_tools_cov: ON453900.1_Clostridium_phage_Maintenon__complete_genome	1	57045	33913	51202	89.7572	80.5116	39	42.9
V_C2_21_S65_sam_tools_cov: ON453901.1_E_Clostridium_phage_Saumur__complete_genome	1	47242	851	31638	66.9701	2.3496	39	42.2
V_C2_21_S65_sam_tools_cov: ON453902.1_E_Clostridium_phage_Villandry__complete_genome	1	37533	458493	37533	100	1641.54	39	43.7
V_C2_21_S65_sam_tools_cov: ON453903.1_Flavonifractor_phage_Castelnaud__complete_genome	1	37125	6259	37051	99.8007	22.8175	39	42.1
V_C2_21_S65_sam_tools_cov: ON453904.1_Flavonifractor_phage_Chenonceau__complete_genome	1	42124	21553	42124	100	69.4055	39	43.1
V_C2_21_S65_sam_tools_cov: ON453905.1_Flavonifractor_phage_Cormatin__complete_genome	1	35440	292	13331	37.6157	1.09647	38.9	39.4
V_C2_21_S65_sam_tools_cov: ON453893.1_Acutalibacter_phage_Fontainebleau__complete_genome	1	39241	0	0	0	0	0	0
V_C2_28_S69_sam_tools_cov: ON453894.1_Akkermansia_phage_Chambord__partial_genome	1	30677	32498	30577	99.674	149.148	39	34.9
V_C2_28_S69_sam_tools_cov: ON453895.1_Akkermansia_phage_Chantilly__complete_genome	1	36894	138698	36894	100	531.025	39	38.4
V_C2_28_S69_sam_tools_cov: ON453896.1_Akkermansia_phage_Moulinsart__complete_genome	1	31347	20941	31347	100	93.8534	39	43.7
V_C2_28_S69_sam_tools_cov: ON453897.1_Bacteroides_phage_Versailles__complete_genome	1	58097	258570	58097	100	631.654	39.1	43.9
V_C2_28_S69_sam_tools_cov: ON453898.1_Blautia_phage_Montmirail__complete_genome	1	46066	445547	46066	100	1363.34	39	43.4
V_C2_28_S69_sam_tools_cov: ON453899.1_Clostridium_phage_Amboise__complete_genome	1	77323	732	27542	35.6194	1.31844	39.1	37.4
V_C2_28_S69_sam_tools_cov: ON453900.1_Clostridium_phage_Maintenon__complete_genome	1	57045	17088	49451	86.6877	42.1059	39.1	41.8
V_C2_28_S69_sam_tools_cov: ON453901.1_E_Clostridium_phage_Saumur__complete_genome	1	47242	2764	42573	90.1168	8.25678	39.1	43.6
V_C2_28_S69_sam_tools_cov: ON453902.1_E_Clostridium_phage_Villandry__complete_genome	1	37533	463994	37533	100	1738.24	39	43.7
V_C2_28_S69_sam_tools_cov: ON453903.1_Flavonifractor_phage_Castelnaud__complete_genome	1	37125	2639	36986	99.6256	10.1195	38.9	42.2
V_C2_28_S69_sam_tools_cov: ON453904.1_Flavonifractor_phage_Chenonceau__complete_genome	1	42124	46664	42124	100	157.566	39	42.8
V_C2_28_S69_sam_tools_cov: ON453905.1_Flavonifractor_phage_Cormatin__complete_genome	1	35440	460	11690	32.9853	1.80545	38.9	33.7
V_C2_28_S69_sam_tools_cov: ON453893.1_Acutalibacter_phage_Fontainebleau__complete_genome	1	39241	0	0	0	0	0	0
V_C2_9_S45_sam_tools_cov: ON453894.1_Akkermansia_phage_Chambord__partial_genome	1	30677	16625	30577	99.674	74.2945	39	35.6
V_C2_9_S45_sam_tools_cov: ON453895.1_Akkermansia_phage_Chantilly__complete_genome	1	36894	66148	36894	100	246.721	39	38.9
V_C2_9_S45_sam_tools_cov: ON453896.1_Akkermansia_phage_Moulinsart__complete_genome	1	31347	9407	31321	99.9171	40.3978	39	43.8
V_C2_9_S45_sam_tools_cov: ON453897.1_Bacteroides_phage_Versailles__complete_genome	1	58097	103572	58097	100	246.198	39	43.9
V_C2_9_S45_sam_tools_cov: ON453898.1_Blautia_phage_Montmirail__complete_genome	1	46066	481734	46066	100	1426.32	39	43.7
V_C2_9_S45_sam_tools_cov: ON453899.1_Clostridium_phage_Amboise__complete_genome	1	77323	3725	56233	72.7248	6.65651	39.1	42.8
V_C2_9_S45_sam_tools_cov: ON453900.1_Clostridium_phage_Maintenon__complete_genome	1	57045	36694	55439	97.1847	88.91	39	43.1
V_C2_9_S45_sam_tools_cov: ON453901.1_E_Clostridium_phage_Saumur__complete_genome	1	47242	546	24143	51.1049	1.47892	39	40.3
V_C2_9_S45_sam_tools_cov: ON453902.1_E_Clostridium_phage_Villandry__complete_genome	1	37533	405747	37533	100	1473.43	39	43.6
V_C2_9_S45_sam_tools_cov: ON453903.1_Flavonifractor_phage_Castelnaud__complete_genome	1	37125	2277	36318	97.8263	8.4873	39	42.1
V_C2_9_S45_sam_tools_cov: ON453904.1_Flavonifractor_phage_Chenonceau__complete_genome	1	42124	47406	42124	100	156.271	39	43
V_C2_9_S45_sam_tools_cov: ON453905.1_Flavonifractor_phage_Cormatin__complete_genome	1	35440	310	9744	27.4944	1.20011	38.8	34.8
V_C2_9_S45_sam_tools_cov: ON453893.1_Acutalibacter_phage_Fontainebleau__complete_genome	1	39241	0	0	0	0	0	0
V_C3_10_S52_sam_tools_cov: ON453894.1_Akkermansia_phage_Chambord__partial_genome	1	30677	23212	30577	99.674	106.88	39	35.3
V_C3_10_S52_sam_tools_cov: ON453895.1_Akkermansia_phage_Chantilly__complete_genome	1	36894	137603	36894	100	528.132	39	39.1
V_C3_10_S52_sam_tools_cov: ON453896.1_Akkermansia_phage_Moulinsart__complete_genome	1	31347	3997	31315	99.8979	17.7988	39	43.6
V_C3_10_S52_sam_tools_cov: ON453897.1_Bacteroides_phage_Versailles__complete_genome	1	58097	165688	58097	100	405.928	39	44
V_C3_10_S52_sam_tools_cov: ON453898.1_Blautia_phage_Montmirail__complete_genome	1	46066	138346	46066	100	417.747	39	43.2
V_C3_10_S52_sam_tools_cov: ON453899.1_Clostridium_phage_Amboise__complete_genome	1	77323	1200	28319	36.6243	2.22445	39	43
V_C3_10_S52_sam_tools_cov: ON453900.1_Clostridium_phage_Maintenon__complete_genome	1	57045	18873	50222	88.0393	47.0025	39	43.2
V_C3_10_S52_sam_tools_cov: ON453901.1_E_Clostridium_phage_Saumur__complete_genome	1	47242	618	28231	59.7583	1.79499	38.9	43.3
V_C3_10_S52_sam_tools_cov: ON453902.1_E_Clostridium_phage_Villandry__complete_genome	1	37533	284878	37533	100	1070.02	39	43.8
V_C3_10_S52_sam_tools_cov: ON453903.1_Flavonifractor_phage_Castelnaud__complete_genome	1	37125	6831	37094	99.9165	26.1525	39	42.8
V_C3_10_S52_sam_tools_cov: ON453904.1_Flavonifractor_phage_Chenonceau__complete_genome	1	42124	148602	42124	100	500.828	39	42.9
V_C3_10_S52_sam_tools_cov: ON453905.1_Flavonifractor_phage_Cormatin__complete_genome	1	35440	1199	14657	41.3572	4.73465	39	32.1
V_C3_10_S52_sam_tools_cov: ON453893.1_Acutalibacter_phage_Fontainebleau__complete_genome	1	39241	0	0	0	0	0	0
V_C3_16_S55_sam_tools_cov: ON453894.1_Akkermansia_phage_Chambord__partial_genome	1	30677	24928	30577	99.674	110.673	39.1	35.9
V_C3_16_S55_sam_tools_cov: ON453895.1_Akkermansia_phage_Chantilly__complete_genome	1	36894	104202	36894	100	385.474	39.1	39.3
V_C3_16_S55_sam_tools_cov: ON453896.1_Akkermansia_phage_Moulinsart__complete_genome	1	31347	7934	31347	100	33.8619	39.1	43.7
V_C3_16_S55_sam_tools_cov: ON453897.1_Bacteroides_phage_Versailles__complete_genome	1	58097	160104	58097	100	380.141	39.1	44
V_C3_16_S55_sam_tools_cov: ON453898.1_Blautia_phage_Montmirail__complete_genome	1	46066	1102468	46066	100	3260.79	39.1	43.6
V_C3_16_S55_sam_tools_cov: ON453899.1_Clostridium_phage_Amboise__complete_genome	1	77323	2350	31541	40.7912	4.15722	39.2	40.3
V_C3_16_S55_sam_tools_cov: ON453900.1_Clostridium_phage_Maintenon__complete_genome	1	57045	48477	55513	97.3144	116.86	39.1	43
V_C3_16_S55_sam_tools_cov: ON453901.1_E_Clostridium_phage_Saumur__complete_genome	1	47242	731	30583	64.7369	1.9561	39.1	41.2
V_C3_16_S55_sam_tools_cov: ON453902.1_E_Clostridium_phage_Villandry__complete_genome	1	37533	459200	37533	100	1659.67	39.1	43.6
V_C3_16_S55_sam_tools_cov: ON453903.1_Flavonifractor_phage_Castelnaud__complete_genome	1	37125	3588	37066	99.8411	13.2286	39	42.4
V_C3_16_S55_sam_tools_cov: ON453904.1_Flavonifractor_phage_Chenonceau__complete_genome	1	42124	64123	42124	100	209.212	39.1	43
V_C3_16_S55_sam_tools_cov: ON453905.1_Flavonifractor_phage_Cormatin__complete_genome	1	35440	799	18881	53.276	3.01916	39.2	34.6
V_C3_16_S55_sam_tools_cov: ON453893.1_Acutalibacter_phage_Fontainebleau__complete_genome	1	39241	0	0	0	0	0	0
V_C3_17_S57_sam_tools_cov: ON453894.1_Akkermansia_phage_Chambord__partial_genome	1	30677	4018	30577	99.674	18.062	39	36.9
V_C3_17_S57_sam_tools_cov: ON453895.1_Akkermansia_phage_Chantilly__complete_genome	1	36894	10140	36872	99.9404	37.8927	39	39.3
V_C3_17_S57_sam_tools_cov: ON453896.1_Akkermansia_phage_Moulinsart__complete_genome	1	31347	701	24544	78.2978	2.9747	39.1	43.6
V_C3_17_S57_sam_tools_cov: ON453897.1_Bacteroides_phage_Versailles__complete_genome	1	58097	1880418	58097	100	4534.16	39	44
V_C3_17_S57_sam_tools_cov: ON453898.1_Blautia_phage_Montmirail__complete_genome	1	46066	12748	46066	100	38.356	39	43.7
V_C3_17_S57_sam_tools_cov: ON453899.1_Clostridium_phage_Amboise__complete_genome	1	77323	374	19925	25.7685	0.665093	39.1	42.7
V_C3_17_S57_sam_tools_cov: ON453900.1_Clostridium_phage_Maintenon__complete_genome	1	57045	2881	45058	78.9868	7.00557	39	43.1
V_C3_17_S57_sam_tools_cov: ON453901.1_E_Clostridium_phage_Saumur__complete_genome	1	47242	368	21515	45.5421	1.02263	39	43.7
V_C3_17_S57_sam_tools_cov: ON453902.1_E_Clostridium_phage_Villandry__complete_genome	1	37533	8682	37410	99.6723	31.7138	39	43.7
V_C3_17_S57_sam_tools_cov: ON453903.1_Flavonifractor_phage_Castelnaud__complete_genome	1	37125	399	18576	50.0364	1.46389	38.8	41
V_C3_17_S57_sam_tools_cov: ON453904.1_Flavonifractor_phage_Chenonceau__complete_genome	1	42124	60658	42124	100	200.569	39	42.9
V_C3_17_S57_sam_tools_cov: ON453905.1_Flavonifractor_phage_Cormatin__complete_genome	1	35440	249	5548	15.6546	0.952793	39.1	14.5
V_C3_17_S57_sam_tools_cov: ON453893.1_Acutalibacter_phage_Fontainebleau__complete_genome	1	39241	0	0	0	0	0	0
V_C3_18_S62_sam_tools_cov: ON453894.1_Akkermansia_phage_Chambord__partial_genome	1	30677	6973	30577	99.674	29.3374	39.1	37.5
V_C3_18_S62_sam_tools_cov: ON453895.1_Akkermansia_phage_Chantilly__complete_genome	1	36894	17042	36894	100	60.4034	39.1	39
V_C3_18_S62_sam_tools_cov: ON453896.1_Akkermansia_phage_Moulinsart__complete_genome	1	31347	4351	31194	99.5119	17.4517	39.1	43.6
V_C3_18_S62_sam_tools_cov: ON453897.1_Bacteroides_phage_Versailles__complete_genome	1	58097	812037	58097	100	1888.63	39.1	43.9
V_C3_18_S62_sam_tools_cov: ON453898.1_Blautia_phage_Montmirail__complete_genome	1	46066	12665	46066	100	36.3864	39.1	43.4
V_C3_18_S62_sam_tools_cov: ON453899.1_Clostridium_phage_Amboise__complete_genome	1	77323	307	17333	22.4164	0.529933	39.2	42.2
V_C3_18_S62_sam_tools_cov: ON453900.1_Clostridium_phage_Maintenon__complete_genome	1	57045	2716	41880	73.4157	6.35966	39.1	43.2
V_C3_18_S62_sam_tools_cov: ON453901.1_E_Clostridium_phage_Saumur__complete_genome	1	47242	2254	44827	94.888	6.00834	39.1	43.8
V_C3_18_S62_sam_tools_cov: ON453902.1_E_Clostridium_phage_Villandry__complete_genome	1	37533	18177	37533	100	63.4679	39	43.6
V_C3_18_S62_sam_tools_cov: ON453903.1_Flavonifractor_phage_Castelnaud__complete_genome	1	37125	620	22479	60.5495	2.18484	39	41.2
V_C3_18_S62_sam_tools_cov: ON453904.1_Flavonifractor_phage_Chenonceau__complete_genome	1	42124	55364	42124	100	177.122	39	42.9
V_C3_18_S62_sam_tools_cov: ON453905.1_Flavonifractor_phage_Cormatin__complete_genome	1	35440	298	8151	22.9994	1.09963	39.1	20.9
V_C3_18_S62_sam_tools_cov: ON453893.1_Acutalibacter_phage_Fontainebleau__complete_genome	1	39241	0	0	0	0	0	0
V_C3_21_S81_sam_tools_cov: ON453894.1_Akkermansia_phage_Chambord__partial_genome	1	30677	2153	30165	98.331	9.6781	39	35.4
V_C3_21_S81_sam_tools_cov: ON453895.1_Akkermansia_phage_Chantilly__complete_genome	1	36894	7566	36778	99.6856	28.4286	39	38.7
V_C3_21_S81_sam_tools_cov: ON453896.1_Akkermansia_phage_Moulinsart__complete_genome	1	31347	916	29243	93.288	4.04804	38.9	43.7
V_C3_21_S81_sam_tools_cov: ON453897.1_Bacteroides_phage_Versailles__complete_genome	1	58097	45786	58097	100	109.491	39	43.9
V_C3_21_S81_sam_tools_cov: ON453898.1_Blautia_phage_Montmirail__complete_genome	1	46066	9285	46051	99.9674	27.6182	39	43.4
V_C3_21_S81_sam_tools_cov: ON453899.1_Clostridium_phage_Amboise__complete_genome	1	77323	170	10993	14.217	0.306662	39.1	41.5
V_C3_21_S81_sam_tools_cov: ON453900.1_Clostridium_phage_Maintenon__complete_genome	1	57045	3403	44948	78.7939	8.23161	39	42.8
V_C3_21_S81_sam_tools_cov: ON453901.1_E_Clostridium_phage_Saumur__complete_genome	1	47242	246	16382	34.6768	0.699865	39.2	43.9
V_C3_21_S81_sam_tools_cov: ON453902.1_E_Clostridium_phage_Villandry__complete_genome	1	37533	10227	37213	99.1474	37.6473	38.9	43.8
V_C3_21_S81_sam_tools_cov: ON453903.1_Flavonifractor_phage_Castelnaud__complete_genome	1	37125	442	20276	54.6155	1.63065	38.9	41.8
V_C3_21_S81_sam_tools_cov: ON453904.1_Flavonifractor_phage_Chenonceau__complete_genome	1	42124	31765	42124	100	104.904	39	42.7
V_C3_21_S81_sam_tools_cov: ON453905.1_Flavonifractor_phage_Cormatin__complete_genome	1	35440	166	5895	16.6337	0.622968	38.9	20.6
V_C3_21_S81_sam_tools_cov: ON453893.1_Acutalibacter_phage_Fontainebleau__complete_genome	1	39241	0	0	0	0	0	0
V_C3_28_S70_sam_tools_cov: ON453894.1_Akkermansia_phage_Chambord__partial_genome	1	30677	12957	30569	99.6479	59.6305	39	34.5
V_C3_28_S70_sam_tools_cov: ON453895.1_Akkermansia_phage_Chantilly__complete_genome	1	36894	54846	36894	100	210.294	39	38.4
V_C3_28_S70_sam_tools_cov: ON453896.1_Akkermansia_phage_Moulinsart__complete_genome	1	31347	2265	30778	98.1848	10.1859	38.9	43.6
V_C3_28_S70_sam_tools_cov: ON453897.1_Bacteroides_phage_Versailles__complete_genome	1	58097	3758946	58097	100	9151	39	43.9
V_C3_28_S70_sam_tools_cov: ON453898.1_Blautia_phage_Montmirail__complete_genome	1	46066	56369	46066	100	172.903	39	43.4
V_C3_28_S70_sam_tools_cov: ON453899.1_Clostridium_phage_Amboise__complete_genome	1	77323	169	8786	11.3627	0.29444	39.1	26.4
V_C3_28_S70_sam_tools_cov: ON453900.1_Clostridium_phage_Maintenon__complete_genome	1	57045	8087	43138	75.621	19.9108	39.1	41.9
V_C3_28_S70_sam_tools_cov: ON453901.1_E_Clostridium_phage_Saumur__complete_genome	1	47242	1367	30803	65.2026	4.07335	39	43.8
V_C3_28_S70_sam_tools_cov: ON453902.1_E_Clostridium_phage_Villandry__complete_genome	1	37533	153449	37533	100	575.795	39	43.8
V_C3_28_S70_sam_tools_cov: ON453903.1_Flavonifractor_phage_Castelnaud__complete_genome	1	37125	3142	36120	97.2929	11.9958	39	42.7
V_C3_28_S70_sam_tools_cov: ON453904.1_Flavonifractor_phage_Chenonceau__complete_genome	1	42124	78405	42124	100	264.671	39	42.7
V_C3_28_S70_sam_tools_cov: ON453905.1_Flavonifractor_phage_Cormatin__complete_genome	1	35440	571	12159	34.3087	2.25282	39	25.1
V_C3_28_S70_sam_tools_cov: ON453893.1_Acutalibacter_phage_Fontainebleau__complete_genome	1	39241	0	0	0	0	0	0
V_C3_9_S46_sam_tools_cov: ON453894.1_Akkermansia_phage_Chambord__partial_genome	1	30677	71356	30577	99.674	315.616	39	34.8
V_C3_9_S46_sam_tools_cov: ON453895.1_Akkermansia_phage_Chantilly__complete_genome	1	36894	418652	36894	100	1550.16	39	39.1
V_C3_9_S46_sam_tools_cov: ON453896.1_Akkermansia_phage_Moulinsart__complete_genome	1	31347	15364	31347	100	65.451	39	43.7
V_C3_9_S46_sam_tools_cov: ON453897.1_Bacteroides_phage_Versailles__complete_genome	1	58097	268729	58097	100	635.93	39.1	44
V_C3_9_S46_sam_tools_cov: ON453898.1_Blautia_phage_Montmirail__complete_genome	1	46066	237284	46066	100	675.567	39	42.5
V_C3_9_S46_sam_tools_cov: ON453899.1_Clostridium_phage_Amboise__complete_genome	1	77323	3585	35755	46.2411	6.31709	39	43
V_C3_9_S46_sam_tools_cov: ON453900.1_Clostridium_phage_Maintenon__complete_genome	1	57045	22477	50853	89.1454	53.9537	39.1	43.1
V_C3_9_S46_sam_tools_cov: ON453901.1_E_Clostridium_phage_Saumur__complete_genome	1	47242	1096	34928	73.9342	3.01664	39.1	41.9
V_C3_9_S46_sam_tools_cov: ON453902.1_E_Clostridium_phage_Villandry__complete_genome	1	37533	527076	37533	100	1904.15	39	43.7
V_C3_9_S46_sam_tools_cov: ON453903.1_Flavonifractor_phage_Castelnaud__complete_genome	1	37125	21460	37097	99.9246	78.5528	39	42.2
V_C3_9_S46_sam_tools_cov: ON453904.1_Flavonifractor_phage_Chenonceau__complete_genome	1	42124	996692	42124	100	3233.43	39	42.9
V_C3_9_S46_sam_tools_cov: ON453905.1_Flavonifractor_phage_Cormatin__complete_genome	1	35440	5922	29611	83.5525	22.2173	39	23.5
V_C3_9_S46_sam_tools_cov: ON453893.1_Acutalibacter_phage_Fontainebleau__complete_genome	1	39241	0	0	0	0	0	0
V_D1_17_S58_sam_tools_cov: ON453894.1_Akkermansia_phage_Chambord__partial_genome	1	30677	9787	30577	99.674	43.7038	39	35.1
V_D1_17_S58_sam_tools_cov: ON453895.1_Akkermansia_phage_Chantilly__complete_genome	1	36894	27840	36894	100	104.004	39	39
V_D1_17_S58_sam_tools_cov: ON453896.1_Akkermansia_phage_Moulinsart__complete_genome	1	31347	780	26423	84.292	3.36833	38.9	43.7
V_D1_17_S58_sam_tools_cov: ON453897.1_Bacteroides_phage_Versailles__complete_genome	1	58097	2615341	58097	100	6233.35	39.1	43.9
V_D1_17_S58_sam_tools_cov: ON453898.1_Blautia_phage_Montmirail__complete_genome	1	46066	182219	46066	100	534.541	39.1	43.7
V_D1_17_S58_sam_tools_cov: ON453899.1_Clostridium_phage_Amboise__complete_genome	1	77323	33209	75359	97.46	59.6897	39.1	43.9
V_D1_17_S58_sam_tools_cov: ON453900.1_Clostridium_phage_Maintenon__complete_genome	1	57045	17272	57045	100	41.8762	39.1	43.4
V_D1_17_S58_sam_tools_cov: ON453901.1_E_Clostridium_phage_Saumur__complete_genome	1	47242	6	593	1.25524	0.0187122	39.4	44
V_D1_17_S58_sam_tools_cov: ON453902.1_E_Clostridium_phage_Villandry__complete_genome	1	37533	8	535	1.42541	0.0285082	39.7	44
V_D1_17_S58_sam_tools_cov: ON453903.1_Flavonifractor_phage_Castelnaud__complete_genome	1	37125	1544	36540	98.4242	5.71119	39	41.9
V_D1_17_S58_sam_tools_cov: ON453904.1_Flavonifractor_phage_Chenonceau__complete_genome	1	42124	15461	42124	100	50.8903	39	42.8
V_D1_17_S58_sam_tools_cov: ON453905.1_Flavonifractor_phage_Cormatin__complete_genome	1	35440	113	5473	15.443	0.423674	39.1	28.3
V_D1_17_S58_sam_tools_cov: ON453893.1_Acutalibacter_phage_Fontainebleau__complete_genome	1	39241	0	0	0	0	0	0
V_D1_18_S63_sam_tools_cov: ON453894.1_Akkermansia_phage_Chambord__partial_genome	1	30677	1522	28808	93.9075	6.97715	39	35.2
V_D1_18_S63_sam_tools_cov: ON453895.1_Akkermansia_phage_Chantilly__complete_genome	1	36894	5881	36830	99.8265	22.5415	39	39.6
V_D1_18_S63_sam_tools_cov: ON453896.1_Akkermansia_phage_Moulinsart__complete_genome	1	31347	310	18126	57.8237	1.3496	38.9	44
V_D1_18_S63_sam_tools_cov: ON453897.1_Bacteroides_phage_Versailles__complete_genome	1	58097	1852351	58097	100	4540.22	39	44
V_D1_18_S63_sam_tools_cov: ON453898.1_Blautia_phage_Montmirail__complete_genome	1	46066	61085	46066	100	184.885	39	43.7
V_D1_18_S63_sam_tools_cov: ON453899.1_Clostridium_phage_Amboise__complete_genome	1	77323	23780	74932	96.9078	43.8412	39	43.9
V_D1_18_S63_sam_tools_cov: ON453900.1_Clostridium_phage_Maintenon__complete_genome	1	57045	9511	56396	98.8623	23.6712	39	43.2
V_D1_18_S63_sam_tools_cov: ON453901.1_E_Clostridium_phage_Saumur__complete_genome	1	47242	16	1359	2.87668	0.0452987	39.4	40
V_D1_18_S63_sam_tools_cov: ON453902.1_E_Clostridium_phage_Villandry__complete_genome	1	37533	219	8658	23.0677	0.77625	39.1	43.3
V_D1_18_S63_sam_tools_cov: ON453903.1_Flavonifractor_phage_Castelnaud__complete_genome	1	37125	1367	36337	97.8774	5.2327	38.9	42.2
V_D1_18_S63_sam_tools_cov: ON453904.1_Flavonifractor_phage_Chenonceau__complete_genome	1	42124	2828	40705	96.6314	9.51963	38.9	43.1
V_D1_18_S63_sam_tools_cov: ON453905.1_Flavonifractor_phage_Cormatin__complete_genome	1	35440	19	1233	3.47912	0.0735327	39.2	32.7
V_D1_18_S63_sam_tools_cov: ON453893.1_Acutalibacter_phage_Fontainebleau__complete_genome	1	39241	0	0	0	0	0	0
V_D1_21_S66_sam_tools_cov: ON453894.1_Akkermansia_phage_Chambord__partial_genome	1	30677	1558	29499	96.16	7.16133	39	34.7
V_D1_21_S66_sam_tools_cov: ON453895.1_Akkermansia_phage_Chantilly__complete_genome	1	36894	4871	36725	99.5419	18.6508	39	39.4
V_D1_21_S66_sam_tools_cov: ON453896.1_Akkermansia_phage_Moulinsart__complete_genome	1	31347	778	28532	91.0199	3.47925	39	43.5
V_D1_21_S66_sam_tools_cov: ON453897.1_Bacteroides_phage_Versailles__complete_genome	1	58097	1435408	58097	100	3521.41	39.1	43.9
V_D1_21_S66_sam_tools_cov: ON453898.1_Blautia_phage_Montmirail__complete_genome	1	46066	47298	46066	100	145.336	39.1	43.6
V_D1_21_S66_sam_tools_cov: ON453899.1_Clostridium_phage_Amboise__complete_genome	1	77323	2323	43119	55.7648	4.26622	39.1	43.2
V_D1_21_S66_sam_tools_cov: ON453900.1_Clostridium_phage_Maintenon__complete_genome	1	57045	10187	54964	96.352	25.3413	39.1	43.1
V_D1_21_S66_sam_tools_cov: ON453901.1_E_Clostridium_phage_Saumur__complete_genome	1	47242	276	20407	43.1967	0.816816	39	43.8
V_D1_21_S66_sam_tools_cov: ON453902.1_E_Clostridium_phage_Villandry__complete_genome	1	37533	811	30391	80.9714	2.98119	39	43.4
V_D1_21_S66_sam_tools_cov: ON453903.1_Flavonifractor_phage_Castelnaud__complete_genome	1	37125	4633	37072	99.8572	17.6636	39	41.9
V_D1_21_S66_sam_tools_cov: ON453904.1_Flavonifractor_phage_Chenonceau__complete_genome	1	42124	3991	42074	99.8813	13.46	39	42.9
V_D1_21_S66_sam_tools_cov: ON453905.1_Flavonifractor_phage_Cormatin__complete_genome	1	35440	44	3745	10.5672	0.176383	39	38.4
V_D1_21_S66_sam_tools_cov: ON453893.1_Acutalibacter_phage_Fontainebleau__complete_genome	1	39241	0	0	0	0	0	0
V_D1_28_S83_sam_tools_cov: ON453894.1_Akkermansia_phage_Chambord__partial_genome	1	30677	3205	28106	91.6191	14.7114	39	38.8
V_D1_28_S83_sam_tools_cov: ON453895.1_Akkermansia_phage_Chantilly__complete_genome	1	36894	11205	34490	93.484	42.9872	39	40.9
V_D1_28_S83_sam_tools_cov: ON453896.1_Akkermansia_phage_Moulinsart__complete_genome	1	31347	1780	28607	91.2591	7.97509	38.9	43.6
V_D1_28_S83_sam_tools_cov: ON453897.1_Bacteroides_phage_Versailles__complete_genome	1	58097	189792	58097	100	470.437	39	43.9
V_D1_28_S83_sam_tools_cov: ON453898.1_Blautia_phage_Montmirail__complete_genome	1	46066	59799	46066	100	186.105	39	43.6
V_D1_28_S83_sam_tools_cov: ON453899.1_Clostridium_phage_Amboise__complete_genome	1	77323	1329	46244	59.8063	2.48357	39	43.6
V_D1_28_S83_sam_tools_cov: ON453900.1_Clostridium_phage_Maintenon__complete_genome	1	57045	5530	50959	89.3312	13.8839	39	43.1
V_D1_28_S83_sam_tools_cov: ON453901.1_E_Clostridium_phage_Saumur__complete_genome	1	47242	1368	43935	92.9999	4.16858	39	43.8
V_D1_28_S83_sam_tools_cov: ON453902.1_E_Clostridium_phage_Villandry__complete_genome	1	37533	32020	37167	99.0249	121.277	39	43.8
V_D1_28_S83_sam_tools_cov: ON453903.1_Flavonifractor_phage_Castelnaud__complete_genome	1	37125	477	20413	54.9845	1.83356	39	42.7
V_D1_28_S83_sam_tools_cov: ON453904.1_Flavonifractor_phage_Chenonceau__complete_genome	1	42124	9804	41529	98.5875	33.2659	39	43
V_D1_28_S83_sam_tools_cov: ON453905.1_Flavonifractor_phage_Cormatin__complete_genome	1	35440	93	4041	11.4024	0.353188	39.2	31
V_D1_28_S83_sam_tools_cov: ON453893.1_Acutalibacter_phage_Fontainebleau__complete_genome	1	39241	0	0	0	0	0	0
V_D1_9_S47_sam_tools_cov: ON453894.1_Akkermansia_phage_Chambord__partial_genome	1	30677	13029	30577	99.674	57.7273	39	36.2
V_D1_9_S47_sam_tools_cov: ON453895.1_Akkermansia_phage_Chantilly__complete_genome	1	36894	39378	36894	100	145.094	39	39
V_D1_9_S47_sam_tools_cov: ON453896.1_Akkermansia_phage_Moulinsart__complete_genome	1	31347	5231	31347	100	22.3914	39	43.8
V_D1_9_S47_sam_tools_cov: ON453897.1_Bacteroides_phage_Versailles__complete_genome	1	58097	74822	58097	100	176.835	39.1	43.9
V_D1_9_S47_sam_tools_cov: ON453898.1_Blautia_phage_Montmirail__complete_genome	1	46066	363955	46066	100	1074.53	39.1	43.7
V_D1_9_S47_sam_tools_cov: ON453899.1_Clostridium_phage_Amboise__complete_genome	1	77323	2916	40186	51.9716	5.15378	39.1	43.1
V_D1_9_S47_sam_tools_cov: ON453900.1_Clostridium_phage_Maintenon__complete_genome	1	57045	22150	53915	94.5131	53.3946	39.1	43.1
V_D1_9_S47_sam_tools_cov: ON453901.1_E_Clostridium_phage_Saumur__complete_genome	1	47242	200	12600	26.6712	0.55222	39	42.1
V_D1_9_S47_sam_tools_cov: ON453902.1_E_Clostridium_phage_Villandry__complete_genome	1	37533	87003	37533	100	314.241	39	43.6
V_D1_9_S47_sam_tools_cov: ON453903.1_Flavonifractor_phage_Castelnaud__complete_genome	1	37125	3185	37021	99.7199	11.5958	39	42
V_D1_9_S47_sam_tools_cov: ON453904.1_Flavonifractor_phage_Chenonceau__complete_genome	1	42124	42222	42124	100	137.826	39	43
V_D1_9_S47_sam_tools_cov: ON453905.1_Flavonifractor_phage_Cormatin__complete_genome	1	35440	295	11662	32.9063	1.10127	39.1	28.2
V_D1_9_S47_sam_tools_cov: ON453893.1_Acutalibacter_phage_Fontainebleau__complete_genome	1	39241	0	0	0	0	0	0
V_D2_17_S78_sam_tools_cov: ON453894.1_Akkermansia_phage_Chambord__partial_genome	1	30677	1649	30466	99.3122	7.69449	38.9	35.4
V_D2_17_S78_sam_tools_cov: ON453895.1_Akkermansia_phage_Chantilly__complete_genome	1	36894	5038	36883	99.9702	19.6057	38.9	38.9
V_D2_17_S78_sam_tools_cov: ON453896.1_Akkermansia_phage_Moulinsart__complete_genome	1	31347	780	28890	92.1619	3.55654	38.9	43.9
V_D2_17_S78_sam_tools_cov: ON453897.1_Bacteroides_phage_Versailles__complete_genome	1	58097	33151	58097	100	81.8705	39	43.9
V_D2_17_S78_sam_tools_cov: ON453898.1_Blautia_phage_Montmirail__complete_genome	1	46066	37909	46066	100	117.908	39	43.7
V_D2_17_S78_sam_tools_cov: ON453899.1_Clostridium_phage_Amboise__complete_genome	1	77323	15339	73857	95.5175	28.9783	39	43.9
V_D2_17_S78_sam_tools_cov: ON453900.1_Clostridium_phage_Maintenon__complete_genome	1	57045	15014	57045	100	38.2299	39	43.5
V_D2_17_S78_sam_tools_cov: ON453901.1_E_Clostridium_phage_Saumur__complete_genome	1	47242	450	31194	66.0302	1.38483	38.9	44
V_D2_17_S78_sam_tools_cov: ON453902.1_E_Clostridium_phage_Villandry__complete_genome	1	37533	7019	37425	99.7123	26.4487	39	43.8
V_D2_17_S78_sam_tools_cov: ON453903.1_Flavonifractor_phage_Castelnaud__complete_genome	1	37125	326	20599	55.4855	1.26198	38.9	41.8
V_D2_17_S78_sam_tools_cov: ON453904.1_Flavonifractor_phage_Chenonceau__complete_genome	1	42124	3160	42124	100	10.788	38.9	42.8
V_D2_17_S78_sam_tools_cov: ON453905.1_Flavonifractor_phage_Cormatin__complete_genome	1	35440	132	10658	30.0734	0.5386	38.8	41.7
V_D2_17_S78_sam_tools_cov: ON453893.1_Acutalibacter_phage_Fontainebleau__complete_genome	1	39241	0	0	0	0	0	0
V_D2_18_S79_sam_tools_cov: ON453894.1_Akkermansia_phage_Chambord__partial_genome	1	30677	1902	30319	98.833	8.97946	38.9	35.1
V_D2_18_S79_sam_tools_cov: ON453895.1_Akkermansia_phage_Chantilly__complete_genome	1	36894	5908	36894	100	23.3105	38.9	38.7
V_D2_18_S79_sam_tools_cov: ON453896.1_Akkermansia_phage_Moulinsart__complete_genome	1	31347	1701	31250	99.6906	7.80065	38.9	43.7
V_D2_18_S79_sam_tools_cov: ON453897.1_Bacteroides_phage_Versailles__complete_genome	1	58097	24046	58097	100	60.5045	38.9	43.9
V_D2_18_S79_sam_tools_cov: ON453898.1_Blautia_phage_Montmirail__complete_genome	1	46066	46802	46066	100	146.39	39	43.7
V_D2_18_S79_sam_tools_cov: ON453899.1_Clostridium_phage_Amboise__complete_genome	1	77323	49300	77074	99.678	93.4489	39	44
V_D2_18_S79_sam_tools_cov: ON453900.1_Clostridium_phage_Maintenon__complete_genome	1	57045	11595	56979	99.8843	29.6865	39	43.3
V_D2_18_S79_sam_tools_cov: ON453901.1_E_Clostridium_phage_Saumur__complete_genome	1	47242	1113	43231	91.5097	3.4232	39	43.9
V_D2_18_S79_sam_tools_cov: ON453902.1_E_Clostridium_phage_Villandry__complete_genome	1	37533	3091	37379	99.5897	11.8341	38.9	43.7
V_D2_18_S79_sam_tools_cov: ON453903.1_Flavonifractor_phage_Castelnaud__complete_genome	1	37125	540	31155	83.9192	2.10683	38.9	42.4
V_D2_18_S79_sam_tools_cov: ON453904.1_Flavonifractor_phage_Chenonceau__complete_genome	1	42124	4322	42082	99.9003	14.944	38.9	43.1
V_D2_18_S79_sam_tools_cov: ON453905.1_Flavonifractor_phage_Cormatin__complete_genome	1	35440	154	13734	38.7528	0.631885	39	43.3
V_D2_18_S79_sam_tools_cov: ON453893.1_Acutalibacter_phage_Fontainebleau__complete_genome	1	39241	0	0	0	0	0	0
V_D2_21_S82_sam_tools_cov: ON453894.1_Akkermansia_phage_Chambord__partial_genome	1	30677	1992	30396	99.084	9.3635	38.9	35
V_D2_21_S82_sam_tools_cov: ON453895.1_Akkermansia_phage_Chantilly__complete_genome	1	36894	7090	36894	100	27.6767	38.9	38.7
V_D2_21_S82_sam_tools_cov: ON453896.1_Akkermansia_phage_Moulinsart__complete_genome	1	31347	976	30379	96.912	4.47944	39	43.8
V_D2_21_S82_sam_tools_cov: ON453897.1_Bacteroides_phage_Versailles__complete_genome	1	58097	38144	58097	100	94.8585	39	43.9
V_D2_21_S82_sam_tools_cov: ON453898.1_Blautia_phage_Montmirail__complete_genome	1	46066	39768	46066	100	124.736	39	43.6
V_D2_21_S82_sam_tools_cov: ON453899.1_Clostridium_phage_Amboise__complete_genome	1	77323	3656	51250	66.2804	6.89266	39	43.5
V_D2_21_S82_sam_tools_cov: ON453900.1_Clostridium_phage_Maintenon__complete_genome	1	57045	19397	56983	99.8913	49.5193	39	43.4
V_D2_21_S82_sam_tools_cov: ON453901.1_E_Clostridium_phage_Saumur__complete_genome	1	47242	304	23760	50.2942	0.922929	39	43.9
V_D2_21_S82_sam_tools_cov: ON453902.1_E_Clostridium_phage_Villandry__complete_genome	1	37533	4246	36628	97.5888	15.968	39	43.8
V_D2_21_S82_sam_tools_cov: ON453903.1_Flavonifractor_phage_Castelnaud__complete_genome	1	37125	439	26750	72.0539	1.70263	38.9	42.5
V_D2_21_S82_sam_tools_cov: ON453904.1_Flavonifractor_phage_Chenonceau__complete_genome	1	42124	11640	42124	100	40.1564	38.9	43
V_D2_21_S82_sam_tools_cov: ON453905.1_Flavonifractor_phage_Cormatin__complete_genome	1	35440	96	7757	21.8877	0.38338	39	33
V_D2_21_S82_sam_tools_cov: ON453893.1_Acutalibacter_phage_Fontainebleau__complete_genome	1	39241	0	0	0	0	0	0
V_D2_9_S48_sam_tools_cov: ON453894.1_Akkermansia_phage_Chambord__partial_genome	1	30677	11571	30577	99.674	50.978	38.9	35.2
V_D2_9_S48_sam_tools_cov: ON453895.1_Akkermansia_phage_Chantilly__complete_genome	1	36894	50519	36894	100	185.804	39	39
V_D2_9_S48_sam_tools_cov: ON453896.1_Akkermansia_phage_Moulinsart__complete_genome	1	31347	4387	31315	99.8979	18.5966	39	43.7
V_D2_9_S48_sam_tools_cov: ON453897.1_Bacteroides_phage_Versailles__complete_genome	1	58097	149999	58097	100	354.661	39	43.9
V_D2_9_S48_sam_tools_cov: ON453898.1_Blautia_phage_Montmirail__complete_genome	1	46066	456173	46066	100	1339.28	39	43.7
V_D2_9_S48_sam_tools_cov: ON453899.1_Clostridium_phage_Amboise__complete_genome	1	77323	3966	40777	52.7359	7.00535	39.1	42.6
V_D2_9_S48_sam_tools_cov: ON453900.1_Clostridium_phage_Maintenon__complete_genome	1	57045	33780	55331	96.9954	81.2493	39.1	43.1
V_D2_9_S48_sam_tools_cov: ON453901.1_E_Clostridium_phage_Saumur__complete_genome	1	47242	261	14760	31.2434	0.713856	38.9	41.7
V_D2_9_S48_sam_tools_cov: ON453902.1_E_Clostridium_phage_Villandry__complete_genome	1	37533	159058	37533	100	574.521	39	43.7
V_D2_9_S48_sam_tools_cov: ON453903.1_Flavonifractor_phage_Castelnaud__complete_genome	1	37125	5149	37093	99.9138	18.7267	38.9	42
V_D2_9_S48_sam_tools_cov: ON453904.1_Flavonifractor_phage_Chenonceau__complete_genome	1	42124	97932	42124	100	319.357	39	43
V_D2_9_S48_sam_tools_cov: ON453905.1_Flavonifractor_phage_Cormatin__complete_genome	1	35440	453	13476	38.0248	1.68552	38.9	26.4
V_D2_9_S48_sam_tools_cov: ON453893.1_Acutalibacter_phage_Fontainebleau__complete_genome	1	39241	0	0	0	0	0	0
V_D3_17_S59_sam_tools_cov: ON453894.1_Akkermansia_phage_Chambord__partial_genome	1	30677	6108	30577	99.674	28.7673	38.9	34.8
V_D3_17_S59_sam_tools_cov: ON453895.1_Akkermansia_phage_Chantilly__complete_genome	1	36894	25417	36894	100	99.8689	38.9	39.3
V_D3_17_S59_sam_tools_cov: ON453896.1_Akkermansia_phage_Moulinsart__complete_genome	1	31347	4767	31315	99.8979	21.5373	38.9	43.7
V_D3_17_S59_sam_tools_cov: ON453897.1_Bacteroides_phage_Versailles__complete_genome	1	58097	78354	58097	100	196.16	39	44
V_D3_17_S59_sam_tools_cov: ON453898.1_Blautia_phage_Montmirail__complete_genome	1	46066	111174	46066	100	345.03	39	43.8
V_D3_17_S59_sam_tools_cov: ON453899.1_Clostridium_phage_Amboise__complete_genome	1	77323	69263	75936	98.2062	130.465	39	44
V_D3_17_S59_sam_tools_cov: ON453900.1_Clostridium_phage_Maintenon__complete_genome	1	57045	19427	57045	100	49.4937	39	43.3
V_D3_17_S59_sam_tools_cov: ON453901.1_E_Clostridium_phage_Saumur__complete_genome	1	47242	28	2416	5.11409	0.0847551	39.6	43.7
V_D3_17_S59_sam_tools_cov: ON453902.1_E_Clostridium_phage_Villandry__complete_genome	1	37533	183	9330	24.8581	0.675539	39	43.7
V_D3_17_S59_sam_tools_cov: ON453903.1_Flavonifractor_phage_Castelnaud__complete_genome	1	37125	6775	37089	99.903	26.525	38.9	42.1
V_D3_17_S59_sam_tools_cov: ON453904.1_Flavonifractor_phage_Chenonceau__complete_genome	1	42124	12802	42124	100	44.2274	39	43
V_D3_17_S59_sam_tools_cov: ON453905.1_Flavonifractor_phage_Cormatin__complete_genome	1	35440	148	7664	21.6253	0.610581	38.9	38.4
V_D3_17_S59_sam_tools_cov: ON453893.1_Acutalibacter_phage_Fontainebleau__complete_genome	1	39241	0	0	0	0	0	0
V_D3_18_S80_sam_tools_cov: ON453894.1_Akkermansia_phage_Chambord__partial_genome	1	30677	1144	29182	95.1266	5.31828	39	35.2
V_D3_18_S80_sam_tools_cov: ON453895.1_Akkermansia_phage_Chantilly__complete_genome	1	36894	4511	36894	100	17.331	38.9	38.2
V_D3_18_S80_sam_tools_cov: ON453896.1_Akkermansia_phage_Moulinsart__complete_genome	1	31347	867	29398	93.7825	3.93719	38.9	43.4
V_D3_18_S80_sam_tools_cov: ON453893.1_Acutalibacter_phage_Fontainebleau__complete_genome	1	39241	2	123	0.313448	0.00624347	37.6	44
V_D3_18_S80_sam_tools_cov: ON453897.1_Bacteroides_phage_Versailles__complete_genome	1	58097	38880	58097	100	95.5534	39	43.9
V_D3_18_S80_sam_tools_cov: ON453898.1_Blautia_phage_Montmirail__complete_genome	1	46066	15958	46066	100	49.2708	39	43.7
V_D3_18_S80_sam_tools_cov: ON453899.1_Clostridium_phage_Amboise__complete_genome	1	77323	3542	57818	74.7746	6.65404	39	44
V_D3_18_S80_sam_tools_cov: ON453900.1_Clostridium_phage_Maintenon__complete_genome	1	57045	2637	49929	87.5256	6.63878	39	43.3
V_D3_18_S80_sam_tools_cov: ON453901.1_E_Clostridium_phage_Saumur__complete_genome	1	47242	532	33931	71.8238	1.63621	38.9	44
V_D3_18_S80_sam_tools_cov: ON453902.1_E_Clostridium_phage_Villandry__complete_genome	1	37533	7199	37465	99.8188	27.1379	39	43.7
V_D3_18_S80_sam_tools_cov: ON453903.1_Flavonifractor_phage_Castelnaud__complete_genome	1	37125	372	24073	64.8431	1.44555	38.9	41.3
V_D3_18_S80_sam_tools_cov: ON453904.1_Flavonifractor_phage_Chenonceau__complete_genome	1	42124	1866	41271	97.975	6.31213	39	43.2
V_D3_18_S80_sam_tools_cov: ON453905.1_Flavonifractor_phage_Cormatin__complete_genome	1	35440	153	11436	32.2686	0.595429	38.9	42
V_D3_21_S67_sam_tools_cov: ON453894.1_Akkermansia_phage_Chambord__partial_genome	1	30677	7911	30577	99.674	36.9105	39	35.1
V_D3_21_S67_sam_tools_cov: ON453895.1_Akkermansia_phage_Chantilly__complete_genome	1	36894	29174	36894	100	112.933	39	38.5
V_D3_21_S67_sam_tools_cov: ON453896.1_Akkermansia_phage_Moulinsart__complete_genome	1	31347	6827	31330	99.9458	30.9272	38.9	43.7
V_D3_21_S67_sam_tools_cov: ON453897.1_Bacteroides_phage_Versailles__complete_genome	1	58097	97495	58097	100	240.639	39	43.9
V_D3_21_S67_sam_tools_cov: ON453898.1_Blautia_phage_Montmirail__complete_genome	1	46066	360928	46066	100	1121.9	39	43.6
V_D3_21_S67_sam_tools_cov: ON453899.1_Clostridium_phage_Amboise__complete_genome	1	77323	3974	51291	66.3334	7.30949	39	42.7
V_D3_21_S67_sam_tools_cov: ON453900.1_Clostridium_phage_Maintenon__complete_genome	1	57045	28687	56933	99.8037	72.064	39	43.2
V_D3_21_S67_sam_tools_cov: ON453901.1_E_Clostridium_phage_Saumur__complete_genome	1	47242	1212	41305	87.4328	3.67044	38.9	43.8
V_D3_21_S67_sam_tools_cov: ON453902.1_E_Clostridium_phage_Villandry__complete_genome	1	37533	17023	37463	99.8135	64.6264	39	43.8
V_D3_21_S67_sam_tools_cov: ON453903.1_Flavonifractor_phage_Castelnaud__complete_genome	1	37125	5674	37115	99.9731	21.9912	38.9	42
V_D3_21_S67_sam_tools_cov: ON453904.1_Flavonifractor_phage_Chenonceau__complete_genome	1	42124	65341	42124	100	223.091	39	42.8
V_D3_21_S67_sam_tools_cov: ON453905.1_Flavonifractor_phage_Cormatin__complete_genome	1	35440	642	17461	49.2692	2.55818	39.1	33.9
V_D3_21_S67_sam_tools_cov: ON453893.1_Acutalibacter_phage_Fontainebleau__complete_genome	1	39241	0	0	0	0	0	0
V_D3_28_S71_sam_tools_cov: ON453894.1_Akkermansia_phage_Chambord__partial_genome	1	30677	11655	30577	99.674	53.9327	39	35.7
V_D3_28_S71_sam_tools_cov: ON453895.1_Akkermansia_phage_Chantilly__complete_genome	1	36894	64559	36894	100	249.557	39	38.5
V_D3_28_S71_sam_tools_cov: ON453896.1_Akkermansia_phage_Moulinsart__complete_genome	1	31347	6740	31347	100	30.4514	39	43.7
V_D3_28_S71_sam_tools_cov: ON453897.1_Bacteroides_phage_Versailles__complete_genome	1	58097	83051	58097	100	205.101	39.1	43.9
V_D3_28_S71_sam_tools_cov: ON453898.1_Blautia_phage_Montmirail__complete_genome	1	46066	244924	46066	100	762.284	39	43.7
V_D3_28_S71_sam_tools_cov: ON453899.1_Clostridium_phage_Amboise__complete_genome	1	77323	4152	62626	80.9927	7.68281	39.1	43.4
V_D3_28_S71_sam_tools_cov: ON453900.1_Clostridium_phage_Maintenon__complete_genome	1	57045	25484	53107	93.0967	63.7391	39.1	43
V_D3_28_S71_sam_tools_cov: ON453901.1_E_Clostridium_phage_Saumur__complete_genome	1	47242	1529	39633	83.8936	4.53179	39	43.5
V_D3_28_S71_sam_tools_cov: ON453902.1_E_Clostridium_phage_Villandry__complete_genome	1	37533	110501	37533	100	419.289	39	43.8
V_D3_28_S71_sam_tools_cov: ON453903.1_Flavonifractor_phage_Castelnaud__complete_genome	1	37125	2421	36775	99.0572	9.31696	39	42.4
V_D3_28_S71_sam_tools_cov: ON453904.1_Flavonifractor_phage_Chenonceau__complete_genome	1	42124	20273	42124	100	69.0521	39	42.7
V_D3_28_S71_sam_tools_cov: ON453905.1_Flavonifractor_phage_Cormatin__complete_genome	1	35440	458	14687	41.4419	1.84328	39	40.3
V_D3_28_S71_sam_tools_cov: ON453893.1_Acutalibacter_phage_Fontainebleau__complete_genome	1	39241	0	0	0	0	0	0
V_D3_9_S49_sam_tools_cov: ON453894.1_Akkermansia_phage_Chambord__partial_genome	1	30677	2186	30539	99.5502	10.5045	38.9	36
V_D3_9_S49_sam_tools_cov: ON453895.1_Akkermansia_phage_Chantilly__complete_genome	1	36894	10457	36894	100	41.999	38.9	39.2
V_D3_9_S49_sam_tools_cov: ON453896.1_Akkermansia_phage_Moulinsart__complete_genome	1	31347	590	26209	83.6093	2.74648	38.9	43.6
V_D3_9_S49_sam_tools_cov: ON453897.1_Bacteroides_phage_Versailles__complete_genome	1	58097	17090	57731	99.37	43.6814	39	44
V_D3_9_S49_sam_tools_cov: ON453898.1_Blautia_phage_Montmirail__complete_genome	1	46066	67349	46066	100	215.688	39	43.6
V_D3_9_S49_sam_tools_cov: ON453899.1_Clostridium_phage_Amboise__complete_genome	1	77323	714	26939	34.8396	1.36878	38.9	43.8
V_D3_9_S49_sam_tools_cov: ON453900.1_Clostridium_phage_Maintenon__complete_genome	1	57045	4884	49224	86.2898	12.7068	39	43.4
V_D3_9_S49_sam_tools_cov: ON453901.1_E_Clostridium_phage_Saumur__complete_genome	1	47242	34	3987	8.43952	0.106198	39.1	44
V_D3_9_S49_sam_tools_cov: ON453902.1_E_Clostridium_phage_Villandry__complete_genome	1	37533	15782	37533	100	61.9445	38.9	43.9
V_D3_9_S49_sam_tools_cov: ON453903.1_Flavonifractor_phage_Castelnaud__complete_genome	1	37125	347	23985	64.6061	1.3715	38.8	40.8
V_D3_9_S49_sam_tools_cov: ON453904.1_Flavonifractor_phage_Chenonceau__complete_genome	1	42124	31957	42124	100	112.379	38.9	43
V_D3_9_S49_sam_tools_cov: ON453905.1_Flavonifractor_phage_Cormatin__complete_genome	1	35440	119	6624	18.6907	0.480192	38.7	22.7
V_D3_9_S49_sam_tools_cov: ON453893.1_Acutalibacter_phage_Fontainebleau__complete_genome	1	39241	0	0	0	0	0	0